{
  "cannedFood": {
    "triangles": 156,
    "rawBounds": {
      "min": [
        -0.15000000596046448,
        0,
        -0.15000000596046448
      ],
      "max": [
        0.15000000596046448,
        0.3199999928474426,
        0.15000000596046448
      ]
    }
  },
  "baitTin": {
    "triangles": 154,
    "rawBounds": {
      "min": [
        -0.15000000596046448,
        0,
        -0.15000000596046448
      ],
      "max": [
        0.15000000596046448,
        0.16112226045151806,
        0.15000000596046448
      ]
    }
  },
  "ductTape": {
    "triangles": 192,
    "rawBounds": {
      "min": [
        -0.5,
        0,
        -0.5
      ],
      "max": [
        0.5,
        0.35,
        0.5
      ]
    }
  },
  "compass": {
    "triangles": 88,
    "rawBounds": {
      "min": [
        -0.2800000011920929,
        -0.05000000074505806,
        -0.2800000011920929
      ],
      "max": [
        0.2800000011920929,
        0.08999999977648258,
        0.2800000011920929
      ]
    }
  },
  "map": {
    "triangles": 80,
    "rawBounds": {
      "min": [
        -0.38999998569488525,
        -0.012500000186264515,
        -0.25999999046325684
      ],
      "max": [
        0.38999998569488525,
        0.043500000186264515,
        0.25999999046325684
      ]
    }
  },
  "medicalKit": {
    "triangles": 228,
    "rawBounds": {
      "min": [
        -0.5,
        0,
        -0.15
      ],
      "max": [
        0.5,
        0.7,
        0.19
      ]
    }
  },
  "spyglass": {
    "triangles": 160,
    "rawBounds": {
      "min": [
        -0.11500000208616257,
        -0.11500000208616261,
        -0.5600000003725291
      ],
      "max": [
        0.11500000208616257,
        0.11500000208616261,
        0.3600000001490117
      ]
    }
  },
  "fishingNet": {
    "triangles": 416,
    "rawBounds": {
      "min": [
        -0.20999999344348907,
        -0.8200000083446503,
        -0.019999999552965164
      ],
      "max": [
        0.20999999344348907,
        0.3700000059604645,
        0.019999999552965164
      ]
    }
  },
  "bucket": {
    "triangles": 68,
    "rawBounds": {
      "min": [
        -0.07206259667873383,
        0,
        -0.07206259667873383
      ],
      "max": [
        0.07206259667873383,
        0.1920626014471054,
        0.07206259667873383
      ]
    }
  },
  "flareGun": {
    "triangles": 292,
    "rawBounds": {
      "min": [
        -0.13500000536441803,
        -0.37620215913245225,
        -0.24147621523948826
      ],
      "max": [
        0.13500000536441803,
        0.28500000536441805,
        0.4899999991059304
      ]
    }
  },
  "scubaSet": {
    "triangles": 688,
    "rawBounds": {
      "min": [
        -0.3,
        0,
        -0.12
      ],
      "max": [
        0.3,
        1.17,
        0.25
      ]
    }
  },
  "anchor": {
    "triangles": 292,
    "rawBounds": {
      "min": [
        -0.4417892889917585,
        -0.5596249856272819,
        -0.06928203254938126
      ],
      "max": [
        0.47837373298060026,
        0.5899999994039535,
        0.06928203254938126
      ]
    }
  },
  "bottledPaper": {
    "triangles": 188,
    "rawBounds": {
      "min": [
        -0.06,
        0,
        -0.06
      ],
      "max": [
        0.06,
        0.54,
        0.06
      ]
    }
  },
  "umbrella": {
    "triangles": 268,
    "rawBounds": {
      "min": [
        -0.17000000178813934,
        -0.6899999982118606,
        -0.17000000178813934
      ],
      "max": [
        0.17000000178813934,
        0.4700000035762787,
        0.17000000178813934
      ]
    }
  },
  "swimRing": {
    "triangles": 240,
    "rawBounds": {
      "min": [
        -0.37000000149011614,
        -0.09000000357627869,
        -0.37000000149011614
      ],
      "max": [
        0.37000000149011614,
        0.09000000357627869,
        0.37000000149011614
      ]
    }
  },
  "flashlight": {
    "triangles": 340,
    "rawBounds": {
      "min": [
        -0.15,
        0,
        -0.15
      ],
      "max": [
        0.15,
        1.25,
        0.2
      ]
    }
  },
  "harpoonGun": {
    "triangles": 108,
    "rawBounds": {
      "min": [
        -0.10999999940395355,
        -0.33269951002198755,
        -0.6026282216593405
      ],
      "max": [
        0.10999999940395355,
        0.20999999865889551,
        1.070000001490116
      ]
    }
  },
  "energyBar": {
    "triangles": 48,
    "rawBounds": {
      "min": [
        -0.3499999991059303,
        -0.09000000357627869,
        -0.054999999701976776
      ],
      "max": [
        0.3499999991059303,
        0.09000000357627869,
        0.0679999996125698
      ]
    }
  },
  "fishingRod": {
    "triangles": 376,
    "rawBounds": {
      "min": [
        -0.02,
        -0.35,
        -0.02
      ],
      "max": [
        0.09,
        1.6,
        0.050000000000000024
      ]
    }
  }
}
