{
  "cannedFood": {
    "triangles": 156,
    "rawBounds": {
      "min": [
        -0.15000000596046448,
        0,
        -0.15000000596046448
      ],
      "max": [
        0.15000000596046448,
        0.3199999928474426,
        0.15000000596046448
      ]
    }
  },
  "baitTin": {
    "triangles": 154,
    "rawBounds": {
      "min": [
        -0.15000000596046448,
        0,
        -0.15000000596046448
      ],
      "max": [
        0.15000000596046448,
        0.16112226045151806,
        0.15000000596046448
      ]
    }
  },
  "ductTape": {
    "triangles": 192,
    "rawBounds": {
      "min": [
        -0.5,
        0,
        -0.5
      ],
      "max": [
        0.5,
        0.35,
        0.5
      ]
    }
  },
  "compass": {
    "triangles": 656,
    "rawBounds": {
      "min": [
        -0.5714870095252991,
        -0.30579298734664917,
        0.002400000113993883
      ],
      "max": [
        0.33643800020217896,
        0.49956798553466797,
        0.7051069736480713
      ]
    }
  },
  "map": {
    "triangles": 264,
    "rawBounds": {
      "min": [
        -0.4399581253528595,
        -0.012500000186264515,
        -0.29995810985565186
      ],
      "max": [
        0.4399581253528595,
        0.05501427501440048,
        0.29995810985565186
      ]
    }
  },
  "medicalKit": {
    "triangles": 228,
    "rawBounds": {
      "min": [
        -0.5,
        0,
        -0.15
      ],
      "max": [
        0.5,
        0.7,
        0.19
      ]
    }
  },
  "spyglass": {
    "triangles": 160,
    "rawBounds": {
      "min": [
        -0.11500000208616257,
        -0.11500000208616261,
        -0.5600000003725291
      ],
      "max": [
        0.11500000208616257,
        0.11500000208616261,
        0.3600000001490117
      ]
    }
  },
  "fishingNet": {
    "triangles": 1248,
    "rawBounds": {
      "min": [
        -0.4561023414134979,
        0.022114144638180733,
        -0.2794455289840698
      ],
      "max": [
        0.38760942220687866,
        0.25458085536956787,
        0.3928963840007782
      ]
    }
  },
  "bucket": {
    "triangles": 68,
    "rawBounds": {
      "min": [
        -0.07206259667873383,
        0,
        -0.07206259667873383
      ],
      "max": [
        0.07206259667873383,
        0.1920626014471054,
        0.07206259667873383
      ]
    }
  },
  "flareGun": {
    "triangles": 540,
    "rawBounds": {
      "min": [
        -0.4151430130004883,
        -0.5325310230255127,
        -0.3037720024585724
      ],
      "max": [
        2.0901219844818115,
        1.1237000226974487,
        0.29951098561286926
      ]
    }
  },
  "scubaSet": {
    "triangles": 688,
    "rawBounds": {
      "min": [
        -0.3,
        0,
        -0.12
      ],
      "max": [
        0.3,
        1.17,
        0.25
      ]
    }
  },
  "anchor": {
    "triangles": 544,
    "rawBounds": {
      "min": [
        -0.39068299531936646,
        0.0007580000092275441,
        -0.4467430114746094
      ],
      "max": [
        0.38999998569488525,
        0.0939290001988411,
        0.5039910078048706
      ]
    }
  },
  "bottledPaper": {
    "triangles": 188,
    "rawBounds": {
      "min": [
        -0.06,
        0,
        -0.06
      ],
      "max": [
        0.06,
        0.54,
        0.06
      ]
    }
  },
  "umbrella": {
    "triangles": 568,
    "rawBounds": {
      "min": [
        -0.11897338181734085,
        -0.199999997317791,
        -0.5875000000745058
      ],
      "max": [
        0.11897338181734085,
        0.0900000035762787,
        0.6899999982118606
      ]
    }
  },
  "swimRing": {
    "triangles": 896,
    "rawBounds": {
      "min": [
        -0.3700000047683716,
        -0.09000000357627869,
        -0.3700000047683716
      ],
      "max": [
        0.3700000047683716,
        0.09000000357627869,
        0.3700000047683716
      ]
    }
  },
  "flashlight": {
    "triangles": 340,
    "rawBounds": {
      "min": [
        -0.15,
        0,
        -0.15
      ],
      "max": [
        0.15,
        1.25,
        0.2
      ]
    }
  },
  "harpoonGun": {
    "triangles": 496,
    "rawBounds": {
      "min": [
        -0.11880951374769211,
        -0.253527649576184,
        -0.4500000119209291
      ],
      "max": [
        0.11880951374769211,
        0.2600000007450581,
        1.2200000014901162
      ]
    }
  },
  "energyBar": {
    "triangles": 48,
    "rawBounds": {
      "min": [
        -0.3499999991059303,
        -0.09000000357627869,
        -0.054999999701976776
      ],
      "max": [
        0.3499999991059303,
        0.09000000357627869,
        0.0679999996125698
      ]
    }
  },
  "fishingRod": {
    "triangles": 376,
    "rawBounds": {
      "min": [
        -0.02,
        -0.35,
        -0.02
      ],
      "max": [
        0.09,
        1.6,
        0.050000000000000024
      ]
    }
  }
}
